playlist_year,track_name,album_name,album_release_date,track_duration_ms,track_popularity,artist_name,artist_id,artist_followers,artist_genres,artist_popularity
2019,CARTIER SANTOS,A LA VIE A LA MORT,2024-09-26,183813,79,SDM,0LKAV3zJ8a8AIGnyc5OvfB,1333635,"['french hip hop', 'pop urbaine', 'r&b francais']",81
2019,POUR ELLE,A LA VIE A LA MORT,2024-09-26,179034,79,SDM,0LKAV3zJ8a8AIGnyc5OvfB,1333635,"['french hip hop', 'pop urbaine', 'r&b francais']",81
2019,Ca parle mal,Depuis le temps (Part. 2),2024-06-21,176248,76,Bouss,3hWQDRr1PqwvnHeiZlucBq,90323,[],72
2019,SOIS PAS TIMIDE,LE NORD SE SOUVIENT,2024-09-13,165978,71,GIMS,0GOx72r5AAEKRGQFn3xqXK,5017132,"['french hip hop', 'pop urbaine', 'r&b francais', 'rap conscient']",80
2019,Sous la lune,Rien 100 Rien,2019-06-28,171000,61,Jul,3IW7ScrzXmPvZhB27hmfgy,10483008,"['french hip hop', 'pop urbaine', 'rap marseille']",82
2019,Monaco,Monaco,2024-07-11,141314,76,Guy2Bezbar,07h4CCFmlXkwx0g4PL5Uuh,505666,"['french hip hop', 'pop urbaine', 'rap francais']",67
2019,Minimum ça,Minimum ça,2024-08-09,149811,69,Dr. Yaro,0C1YfsZSxVHgL0Z8bngOTM,13896,[],59
2019,SPIDER,LE NORD SE SOUVIENT,2024-09-13,188818,70,GIMS,0GOx72r5AAEKRGQFn3xqXK,5017132,"['french hip hop', 'pop urbaine', 'r&b francais', 'rap conscient']",80
2019,MANON B,BDLM VOL.1,2024-09-20,169846,70,Tiakola,3vUMXQ9kPnZAQkMkZZ7Hfh,2407204,"['french hip hop', 'pop urbaine']",79
2019,Imagine,Imagine,2024-05-03,165775,76,Carbonne,2t0frJEIdex2PTwuLlGxDD,160789,[],65
2019,Die With A Smile,Die With A Smile,2024-08-16,251667,100,Lady Gaga,1HY2Jd0NmPuamShAr6KMms,32416547,"['art pop', 'dance pop', 'pop']",92
2019,Coco,GOAT,2024-10-25,148656,61,Ninho,6Te49r3A6f5BiIgBRxH7FH,10421387,"['french hip hop', 'pop urbaine']",81
2019,Collabo,GOAT,2024-10-25,174153,64,Ninho,6Te49r3A6f5BiIgBRxH7FH,10421387,"['french hip hop', 'pop urbaine']",81
2019,CRF - Nouvelle École,Nouvelle École | Saison 3 | Partie 1 (Série Netflix),2024-07-05,129153,74,Yorssy,4v3iE7RK6SOyplsSQxZsjc,127209,[],66
2019,PONA NINI,BDLM VOL.1,2024-09-20,246978,72,Tiakola,3vUMXQ9kPnZAQkMkZZ7Hfh,2407204,"['french hip hop', 'pop urbaine']",79
2019,Malya,15,2022-05-27,192182,66,AMK,1AFQg3CpeciNbd120XZDmi,68200,[],65
2019,I'M SORRY,I'M SORRY,2024-09-25,152571,72,La Mano 1.9,78iJ2FMbYAFY3djO4PbWZi,113086,[],68
2019,Passe ton chemin,Passe ton chemin,2024-06-14,169256,72,Lynda,2GlEiSHYEKlq9cUYDa9oZb,758458,['r&b francais'],63
2019,Bah Ouais - Nouvelle École,Nouvelle École | Saison 3 | La Finale (Série Netflix),2024-07-22,201951,73,Dadi,2YRHC9O0GHvyHY38yFP434,112651,[],63
2019,Pétunias,Pyramide,2024-02-16,210247,60,Werenoi,3YBJLs7RqR0aPGBgU27nDh,1510775,"['french hip hop', 'pop urbaine']",79
2019,Boucan (feat. Franglish),Boucan (feat. Franglish),2024-04-25,171216,74,KeBlack,7x3eTVPlBiPjXHn3qotY86,1467906,"['french hip hop', 'pop urbaine', 'r&b francais']",69
2019,Alibi (with Pabllo Vittar & Yseult),Alibi (with Pabllo Vittar & Yseult),2024-06-28,161655,87,Sevdaliza,5MraexJKZDrQYzS98kNwie,721310,"['alternative r&b', 'persian electronic']",77
2019,Vanilla,Vanilla,2024-08-30,187810,72,VEN1,3Cz37xnWAOtQEa5jfrTUbL,114747,[],66
2019,La famine,Pyramide 2,2024-10-18,189569,68,Werenoi,3YBJLs7RqR0aPGBgU27nDh,1510775,"['french hip hop', 'pop urbaine']",79
2019,Jungle,GOAT,2024-10-25,181460,65,Ninho,6Te49r3A6f5BiIgBRxH7FH,10421387,"['french hip hop', 'pop urbaine']",81
2019,Recommence-moi,RECOMMENCE-MOI,2024-05-24,196334,71,SANTA,5Vf6gyVzfo8TnzrPRBg3qo,121339,['french pop'],62
2019,4 Kampé,4 Kampé,2024-10-25,214971,64,Joé Dwèt Filé,26zgIfFyTCImkHAp5gwKW8,695815,['r&b francais'],63
2019,BIRDS OF A FEATHER,HIT ME HARD AND SOFT,2024-05-17,210373,97,Billie Eilish,6qqNVTkY8uBg9cP3Jd7DAH,101433183,"['art pop', 'pop']",96
2019,APT.,APT.,2024-10-18,169917,95,ROSÉ,3eVa5w3URK5duf6eyVDbu9,7632823,['k-pop'],82
2019,FLASHBACK,IL LE FALLAIT,2023-10-13,176120,71,Favé,20JMfmzDb5cjHxEoMXXMyY,698025,"['drill francais', 'pop urbaine', 'rap francais']",67
2019,Aucune attache,Aucune attache,2024-02-02,161977,73,KeBlack,7x3eTVPlBiPjXHn3qotY86,1467906,"['french hip hop', 'pop urbaine', 'r&b francais']",69
2019,Si Antes Te Hubiera Conocido,Si Antes Te Hubiera Conocido,2024-06-21,195824,94,KAROL G,790FomKkXshlbRYZFtlgla,51524480,"['reggaeton', 'reggaeton colombiano', 'urbano latino']",91
2019,Hakayet,Hakayet,2023-11-20,158208,73,VEN1,3Cz37xnWAOtQEa5jfrTUbL,114747,[],66
2019,Où aller,Ceinture noire,2018-03-23,235746,65,GIMS,0GOx72r5AAEKRGQFn3xqXK,5017132,"['french hip hop', 'pop urbaine', 'r&b francais', 'rap conscient']",80
2019,Dolce Camara,AD VITAM ÆTERNAM,2024-02-08,178401,69,Booba,58wXmynHaAWI5hwlPZP3qL,3149766,"['french hip hop', 'old school rap francais', 'pop urbaine', 'rap conscient']",73
2019,Nightcall,Nightcall,2024-09-20,179306,74,Kavinsky,0UF7XLthtbSF2Eur7559oV,965313,['filter house'],67
2019,TOKA,A LA VIE A LA MORT,2024-09-26,175901,71,SDM,0LKAV3zJ8a8AIGnyc5OvfB,1333635,"['french hip hop', 'pop urbaine', 'r&b francais']",81
2019,Boucherie,GOAT,2024-10-25,205045,65,Ninho,6Te49r3A6f5BiIgBRxH7FH,10421387,"['french hip hop', 'pop urbaine']",81
2019,Gata Only,EL COMIENZO,2024-08-09,222000,78,FloyyMenor,7CvTknweLr9feJtRGrpDBy,1048311,['reggaeton chileno'],84
2019,EL GEMANO,EL GEMANO,2024-07-31,248000,70,Genezio,0PcU18DNfkn3pmbjy5yMFz,111777,['r&b francais'],66
2019,J’crois qu’ils ont pas compris,Capitaine fait de l'art,2024-07-19,130000,73,Leto,6HCBnyTBSLdb3TFn2ayulY,1171217,"['french hip hop', 'pop urbaine', 'rap francais']",69
2019,Ghetto Star,GOAT,2024-10-25,168629,63,Ninho,6Te49r3A6f5BiIgBRxH7FH,10421387,"['french hip hop', 'pop urbaine']",81
2019,Laboratoire,Carré,2023-03-09,162840,72,Werenoi,3YBJLs7RqR0aPGBgU27nDh,1510775,"['french hip hop', 'pop urbaine']",79
2019,Beautiful Things,Fireworks & Rollerblades,2024-04-05,180304,89,Benson Boone,22wbnEMDvgVIAGdFeek6ET,3815769,['singer-songwriter pop'],86
2019,Wayeh,Imad,2024-05-24,148786,70,THEODORT,6q87j1F6EtUxjlvkJNknFp,184154,[],61
2019,Espresso,Short n' Sweet,2024-08-23,175459,88,Sabrina Carpenter,74KM79TiuVKeVCqs8QtB0B,14260468,['pop'],95
2019,Waribana,GOAT,2024-10-25,174415,62,Ninho,6Te49r3A6f5BiIgBRxH7FH,10421387,"['french hip hop', 'pop urbaine']",81
2019,C63,Pyramide 2,2024-10-18,209000,66,Werenoi,3YBJLs7RqR0aPGBgU27nDh,1510775,"['french hip hop', 'pop urbaine']",79
2019,POP (feat. La Mano 1.9),POP (feat. La Mano 1.9),2024-10-23,216261,62,Gazo,5gqmbbfjcikQBzPB5Hv13I,3220262,"['drill francais', 'french hip hop', 'pop urbaine', 'r&b francais', 'rap francais']",75
2019,Tu connais,Telegram 2,2023-09-21,169000,69,Werenoi,3YBJLs7RqR0aPGBgU27nDh,1510775,"['french hip hop', 'pop urbaine']",79
2020,Popcorn Salé,Popcorn Salé,2022-03-25,238653,60,SANTA,5Vf6gyVzfo8TnzrPRBg3qo,121339,['french pop'],62
2020,Avant toi,VersuS,2019-08-22,223800,63,Vitaa,0Ntl0oWMPWfBOoi9Qcr9ht,1305377,"['french pop', 'r&b francais']",63
2020,Celui qui part,Miroirs,2023-10-27,156413,55,Joseph Kamel,5SQFDZOMgKao4hMpULEaoI,49488,['french pop'],56
2020,Et Bam,La vingtaine,2022-11-18,219253,62,Mentissa,0cb0p26TbAeBeekZHfxWlS,131582,['french pop'],61
2020,Eté 90,Rupture 2 merde,2021-01-08,192613,65,Therapie TAXI,5MynxBz4ZMqvUzpcxTZl4C,544882,"['french indie pop', 'french pop', 'french rock', 'new french touch']",61
2020,Secret,Sentiments,2022-12-09,191173,61,Louane,7wjeXCtRND2ZdKfMJFu6JC,1429184,['french pop'],64
2020,La Quête,Civilisation,2021-11-19,244000,61,Orelsan,4FpJcNgOvIpSBeJgRg3OfN,2455281,"['french hip hop', 'old school rap francais', 'rap conscient']",66
2020,Si j'avais su,Rose des vents,2022-11-25,182040,60,Claudio Capéo,5KBbs98MK59UNMF1VTwMmz,825879,"['chanson', 'french pop', 'variete francaise']",60
2020,Le feu,L'école de la vie,2022-11-11,237160,58,Kendji Girac,4IS4EyXNmiI2w5SRCjMtEF,2091316,['french pop'],65
2020,Ceux qu'on était,Chaque seconde,2024-06-07,174426,61,Pierre Garnier,07UyhXWf7aDbvCZKhTKCpr,226659,['french pop'],64
2020,Amour censure,Sommeil levant,2020-06-05,207546,58,Hoshi,7mPT6wrOjVC4visft9qpYQ,731364,"['chanson', 'french pop', 'variete francaise']",63
2020,Mais je t'aime,Mais je t'aime,2020-06-19,268243,52,Grand Corps Malade,3PsyPWjsftbfeXGorZv4AM,935502,"['chanson', 'french pop']",61
2020,beau-papa,N'attendons pas,2020-10-30,197562,59,Vianney,4Nrd0CtP8txoQhnnlRA6V6,1411579,"['chanson', 'french pop']",63
2020,Tombé,PYRAMIDE,2019-04-12,233800,51,M. Pokora,6euPnGzBlDysAC5ecVguNZ,858919,"['french pop', 'r&b francais', 'variete francaise']",59
2020,Rétine,Ressources (Nouvelle Edition),2021-11-12,210138,55,Amir,6rl53MP8HSoiugpqzA50Zh,878670,['french pop'],59
2020,Hey Bro,Eloïz,2024-06-14,151653,53,Eloïz,1J7b2Snol73xTmYILnCk1t,18242,['french pop'],52
2020,Dépassé,La loi du papillon,2023-11-10,173266,63,Nuit Incolore,2oOAiE62UgqjCEWTHPdn0F,153223,['french pop'],56
2020,Donnez-moi,Les Frangines (Nouvelle édition),2020-12-04,214293,52,Les Frangines,2sYOUJa6fNc4ke4Zo6EkZ4,201727,"['french pop', 'variete francaise']",46
2020,Nous,aimée,2021-11-25,199546,53,Julien Doré,6jStlKLflTMUN6BajxrNlj,881852,"['chanson', 'french pop']",61
2020,"1,2,3","1,2,3",2020-10-29,225997,49,Amel Bent,15jZ8OLtnGATWHlQkltG7f,834745,['french pop'],54
2020,Ensemble,Aliocha Schneider,2023-09-29,182626,59,Aliocha Schneider,186IEnMYqWBPOAFn78wTPB,42340,"['canadian folk', 'indie quebecois']",54
2020,Le Dernier Jour du Disco,Brûler le feu,2021-11-19,207493,55,Juliette Armanet,61CPKXT0bcKj8MKTNTMOXa,367757,"['chanson', 'electro-pop francais', 'french indie pop', 'french pop', 'nouvelle chanson francaise']",56
2020,Parapluie,Moi c'est Jeck,2024-05-31,176125,59,Jeck,1kvygchIwU4XHXY8xD6ugf,41247,['french pop'],54
2020,Un jour je marierai un ange,"Un jour, je",2022-01-21,165557,51,Pierre de Maere,13mm5rU1jvWfWG6uQ46ypd,121551,['french pop'],55
2020,Douleur je fuis,Madame,2023-01-20,180653,36,Stéphane,1ONaDILNtXKICFlrBdmgif,16361,['french pop'],48
2020,La symphonie des éclairs,La symphonie des éclairs,2023-03-31,198789,67,Zaho de Sagazan,38GSybQjdc6sxptciOkxMq,231308,"['french pop', 'nouvelle chanson francaise']",64
2020,L’enfer,Multitude,2022-07-27,189720,48,Stromae,5j4HeCoUlzhfWtjAfM1acR,3437151,"['belgian pop', 'g-house']",72
2020,Voilà,Voilà,2020-11-06,176815,67,Barbara Pravi,3L4wiBOSDLkJ18OISXZDA8,233189,['nouvelle chanson francaise'],60
2020,Derrière le brouillard,MESDAMES deluxe,2021-09-10,253013,56,Grand Corps Malade,3PsyPWjsftbfeXGorZv4AM,935502,"['chanson', 'french pop']",61
2020,Bruxelles je t’aime,Nonante-Cinq,2021-12-02,228211,52,Angèle,3QVolfxko2UyCOtexhVTli,2739511,"['belgian pop', 'french pop', 'variete francaise']",69
2020,Un homme,Meilleure vie,2021-02-19,157573,60,Jérémy Frerot,4lhtlpMg6j1absrQvXYlRK,134842,"['french pop', 'variete francaise']",59
2020,Tu t’en iras,Traîtrise,2021-12-03,206853,51,La Zarra,0NkmvuSD5Pm8zucjwIpChS,59548,['french pop'],51
2020,Des milliers de je t'aime,Chroniques d’un cupidon,2022-09-01,212800,63,Slimane,4OV6uYSnHxSYkjDYuBVBUz,1716021,['french pop'],67
2020,Facile - facile,Facile x Fragile (Version deluxe),2022-10-20,246173,46,Camélia Jordana,2XkCa3HcntokIgOP5N3QO7,184565,"['chanson', 'french indie folk', 'french pop', 'nouvelle chanson francaise']",49
2020,Tahiti,Tahiti,2020-05-07,183223,47,Keen' V,5iZMWWLoDJH1u6Ru2rOEsd,735884,"['french pop', 'variete francaise']",54
2020,Le reste,Cœur,2021-06-11,218133,50,Clara Luciani,2oVrruuEI0Dr2I4NvLtQS0,837629,"['chanson', 'french pop']",59
2020,PS : Je t'aime,Panorama,2022-09-16,174213,45,Christophe Willem,0wb3S587JG0riRtdPA6PQD,220808,"['chanson', 'french pop']",47
2020,Mon cœur,La vitesse,2022-06-03,198973,50,Izïa,6T08mUIMB32dtqq5ryxQZ3,101362,"['french indie pop', 'french rock', 'nouvelle chanson francaise']",48
2020,Le temps est bon,Aller-retour,2019-12-13,203160,62,Bon Entendeur,2lwjwKfYZCuPEJOo8t32CD,271884,"['french indie pop', 'new french touch']",61
2020,Tout savoir,Et alors ?,2022-09-23,196120,57,Adé,3NIFl4tsySuu3eu8Yt8c0s,67726,"['french pop', 'nouvelle chanson francaise']",50
2021,Thank You (Not So Bad),Thank You (Not So Bad),2023-12-01,140000,82,Dimitri Vegas & Like Mike,73jBynjsVtofjRpdpRAJGk,3521958,"['belgian dance', 'belgian edm', 'big room', 'dutch house', 'edm', 'electro house', 'pop dance', 'progressive electro house']",75
2021,Stumblin' In,Stumblin' In,2023-11-10,213363,85,CYRIL,11kt6ggsdxvI8MhyeSMKom,285959,[],80
2021,I Don't Wanna Wait,I Don't Wanna Wait,2024-04-05,149667,86,David Guetta,1Cs0zKBU1kc0i8ypK3B9ai,26345783,"['big room', 'dance pop', 'edm', 'pop', 'pop dance']",90
2021,Whatever,Whatever,2024-01-19,178273,77,Kygo,23fqKkggKUBHNkbKtXEls4,8476016,"['edm', 'pop', 'pop dance', 'tropical house']",82
2021,Not Alone (feat. Diana Goldberg),Not Alone (feat. Diana Goldberg),2024-10-18,165267,61,Gabry Ponte,5ENS85nZShljwNgg4wFD7D,573527,"['eurodance', 'italo dance', 'slap house']",76
2021,10:35,10:35,2022-11-03,172252,72,Tiësto,2o5jDhtHVPhrJdv3cEQ99Z,7538607,"['big room', 'brostep', 'dutch edm', 'edm', 'house', 'pop dance', 'progressive electro house', 'slap house', 'trance']",84
2021,When We Were Young (The Logical Song),When We Were Young (The Logical Song),2023-11-10,147432,77,David Guetta,1Cs0zKBU1kc0i8ypK3B9ai,26345783,"['big room', 'dance pop', 'edm', 'pop', 'pop dance']",90
2021,(It Goes Like) Nanana - Edit,(It Goes Like) Nanana [Edit],2023-06-15,231545,76,Peggy Gou,2mLA48B366zkELXYx7hcDN,987593,"['electra', 'float house']",68
2021,King Of My Castle,King Of My Castle,2024-04-12,153406,65,Naeleck,2DYDFBqoaBP2i9XrTGpOgF,92360,"['electro', 'hypertechno']",71
2021,Cynical,Cynical,2023-06-30,191365,7,twocolors,7ACEUD7UsmmXrnj4OLt8f9,105437,"['edm', 'pop dance', 'pop edm']",66
2021,Home Alone (with Marnik),Home Alone (with Marnik),2023-10-27,128031,66,Naeleck,2DYDFBqoaBP2i9XrTGpOgF,92360,"['electro', 'hypertechno']",71
2021,Lay Low,Lay Low,2023-01-06,153442,73,Tiësto,2o5jDhtHVPhrJdv3cEQ99Z,7538607,"['big room', 'brostep', 'dutch edm', 'edm', 'house', 'pop dance', 'progressive electro house', 'slap house', 'trance']",84
2021,Voices (with Naeleck) [Dub],Voices (with Naeleck),2024-08-02,144936,49,NERVO,4j5KBTO4tk7up54ZirNGvK,740093,"['australian dance', 'dutch house', 'edm', 'electra', 'electro house', 'house', 'pop dance', 'progressive electro house', 'progressive house']",54
2021,Desire (with Sam Smith),Desire (with Sam Smith),2023-07-28,179161,72,Calvin Harris,7CajNmpbOovFoOoasH2HaY,22909767,"['dance pop', 'edm', 'electro house', 'house', 'pop', 'progressive house', 'uk dance']",87
2021,Like A G6 (with Naeleck),Like A G6 (with Naeleck),2024-05-10,148751,70,Timmy Trumpet,0CbeG1224FS58EUx4tPevZ,1196028,"['australian dance', 'big room', 'melbourne bounce', 'melbourne bounce international', 'pop dance']",73
2021,I'm Good (Blue),I'm Good (Blue),2022-08-26,175238,85,David Guetta,1Cs0zKBU1kc0i8ypK3B9ai,26345783,"['big room', 'dance pop', 'edm', 'pop', 'pop dance']",90
2021,Burning Wish,Burning Wish,2024-02-02,153557,57,Naeleck,2DYDFBqoaBP2i9XrTGpOgF,92360,"['electro', 'hypertechno']",71
2021,Flashback,Flashback,2023-06-16,146206,55,Cartoon,2sf28o6euxEDpYkG9dMtuM,233225,['gaming edm'],62
2021,Boyz In Paris (with VINAI),Boyz In Paris (with VINAI),2023-07-28,151589,75,Marnik,6S3KljEiIOWoLMUyZrkQUc,138091,"['dutch house', 'hypertechno']",65
2021,Be The One,Be The One,2023-03-31,169852,69,Eli Brown,5lVNSw2GPci8kebrAQpZqU,133861,"['house', 'tech house', 'uk dance']",62
2021,Mockingbird,Mockingbird,2024-05-03,154838,76,Tiësto,2o5jDhtHVPhrJdv3cEQ99Z,7538607,"['big room', 'brostep', 'dutch edm', 'edm', 'house', 'pop dance', 'progressive electro house', 'slap house', 'trance']",84
2021,House Of Cards,House Of Cards,2024-05-31,132522,48,Naeleck,2DYDFBqoaBP2i9XrTGpOgF,92360,"['electro', 'hypertechno']",71
2021,The Devil's Got A Deal,The Devil's Got A Deal,2023-11-24,211086,45,22Bullets,18006kpQI473m1ICcpimQ9,9303,"['sky room', 'slap house']",45
2021,Prada,Prada,2023-08-11,132359,83,cassö,5wCmhq5J2hPwL2r0eKurxn,73166,"['hypertechno', 'pop dance']",71
2021,Kabuki,Kabuki,2023-09-22,172137,53,Naeleck,2DYDFBqoaBP2i9XrTGpOgF,92360,"['electro', 'hypertechno']",71
2021,Belly Dancer,Belly Dancer,2022-02-18,151475,77,Imanbek,5rGrDvrLOV2VV8SCFVGWlj,251654,"['electro house', 'pop dance', 'slap house']",72
2021,Creep - BYOR Remix,Creep (BYOR Remix),2022-09-16,156850,64,Naeleck,2DYDFBqoaBP2i9XrTGpOgF,92360,"['electro', 'hypertechno']",71
2021,Kikada,Kikada,2024-08-23,183473,47,Sevek,0aOIluXr131XqrXFwFCFGT,22524,[],61
2021,Dancin (feat. Luvli) - Krono Remix,Dancin (feat. Luvli) [Krono Remix],2014-11-07,198053,75,Aaron Smith,77qukKzmdI5BeMBR7WGUrN,357627,['chicago house'],66
2021,Over Me,Over Me,2023-09-01,158540,42,Rudeejay,2zC8RU0p5FvJeCPPLVBR8K,29778,[],44
2021,Crush Me Down (You Spin Me Around),Crush Me Down (You Spin Me Around),2024-06-21,121232,60,Blasterjaxx,37awA8DFCAnCCL7aqYbDnD,787639,"['big room', 'dutch house', 'edm', 'electro house', 'pop dance', 'progressive electro house', 'slap house']",62
2021,Time Machine (with MSPUIYI),Time Machine (with MSPUIYI),2023-11-24,147310,50,Gammer,5nd7jnne7zbsV2J5jBKNOY,63795,"['deep happy hardcore', 'hardcore techno']",50
2021,Baby Don't Hurt Me,Baby Don't Hurt Me,2023-04-06,140017,82,David Guetta,1Cs0zKBU1kc0i8ypK3B9ai,26345783,"['big room', 'dance pop', 'edm', 'pop', 'pop dance']",90
2021,Solo,Solo,2024-04-26,171433,0,AXON,30CCJYbPamAqSZDzA1ESiF,1190,[],34
2021,Take me Home,Take me Home,2024-07-19,156377,51,BYOR,0Upxnyh9nIUNSOmNE8WF4R,31866,"['pop dance', 'russian edm']",66
2021,Mood,Mood,2024-09-13,137622,59,GYMBRO,1dVQrgVgad6dhS9ATZGy9D,23034,['hypertechno'],61
2021,Aria,Aria,2023-09-22,236065,62,Argy,1NaQOKgddaJipUtmptb7GI,171764,[],64
2021,Sleep,Sleep,2023-06-01,178235,61,ConKi,2oBcbbUQy8Md3FYXifyPTF,20135,[],65
2021,Lilith,Lilith,2023-10-13,179199,55,Naeleck,2DYDFBqoaBP2i9XrTGpOgF,92360,"['electro', 'hypertechno']",71
2021,La Musique,La Musique,2024-03-22,142285,40,Brett Allen,7p4Qsh7osD5lvfk8X3LRex,9430,['speed house'],42
2021,Kolkata (Techno Version),Kolkata (Techno Version),2024-10-18,171428,47,KSHMR,2wX6xSig4Rig5kZU6ePlWe,1771016,"['big room', 'dutch house', 'edm', 'electro house', 'indian edm', 'pop dance', 'progressive electro house', 'slap house']",65
2021,Ferrari,Ferrari,2022-03-15,185661,25,James Hype,43BxCL6t4c73BQnIJtry5v,398694,"['deep groove house', 'house', 'pop dance', 'uk dance']",70
2021,Kingdom Party (with Naeleck),Kingdom Party (with Naeleck),2023-10-06,167846,43,Alfons,5f5mH9BDkeyXmDbzevu38d,118414,['melbourne bounce international'],59
2021,The Motto,The Motto,2021-11-04,164818,72,Tiësto,2o5jDhtHVPhrJdv3cEQ99Z,7538607,"['big room', 'brostep', 'dutch edm', 'edm', 'house', 'pop dance', 'progressive electro house', 'slap house', 'trance']",84
2021,I Like the Way you Kiss me - Techno Remix,I Like the Way you Kiss me (Techno Remix),2024-04-19,136615,56,Bombs Away,1YlyxjwYNSjBD0NAJGEfWB,53693,"['australian dance', 'melbourne bounce', 'melbourne bounce international']",51
2021,Seven Nation Army,Seven Nation Army,2021-01-22,156309,68,DJ Fluke,6CnCjQXjKiV9Ro5GGA8ztB,10859,[],55
2021,Overdrive (feat. Norma Jean Martine),Overdrive (feat. Norma Jean Martine),2023-10-06,155905,81,Ofenbach,4AKwRarlmsUlLjIwt38NLw,631863,['pop dance'],74
2021,Day-O,Day-O,2024-09-20,163000,58,Naeleck,2DYDFBqoaBP2i9XrTGpOgF,92360,"['electro', 'hypertechno']",71
2021,Tu Es Foutu,Tu Es Foutu,2022-09-15,123903,59,ConKi,2oBcbbUQy8Md3FYXifyPTF,20135,[],65
2021,Everyone Nose,Everyone Nose,2023-10-20,142456,42,Brett Allen,7p4Qsh7osD5lvfk8X3LRex,9430,['speed house'],42
2021,Vois sur ton chemin - Techno Mix,Vois sur ton chemin (Techno Mix),2023-08-04,178156,79,BENNETT,1r43wW70tnGUauQYvY5w48,228029,['hypertechno'],71
2021,Neurose 2.0,Neurose 2.0,2023-06-23,146250,46,Flakkë,1sxPqLUpMnZDhO9QcMb7X1,22370,"['brazilian edm', 'brazilian house']",46
2021,Words (feat. Zara Larsson),Words (feat. Zara Larsson),2022-04-22,142677,74,Alesso,4AVFqumd2ogHFlRbKIjp1t,3941866,"['dance pop', 'edm', 'pop', 'pop dance', 'progressive electro house']",77
2021,Never Thought That I Could Die,Never Thought That I Could Die,2024-08-23,155586,60,Naeleck,2DYDFBqoaBP2i9XrTGpOgF,92360,"['electro', 'hypertechno']",71
2021,Song Stuck In My Head,Song Stuck In My Head,2024-10-11,161463,52,Dubdogz,4cdyqaBREB68H77QKCrKP1,463860,"['brazilian bass', 'brazilian edm']",68
2021,Monster,Monster,2024-07-26,139783,41,Bombs Away,1YlyxjwYNSjBD0NAJGEfWB,53693,"['australian dance', 'melbourne bounce', 'melbourne bounce international']",51
2021,Love Tonight (David Guetta Remix Edit),Love Tonight (David Guetta Remix),2021-06-11,158095,74,Shouse,2TcGJdSOiOvITBzhvfX8XB,149084,['aussietronica'],66
2021,Same Heart,Same Heart,2024-10-03,152812,53,Zummer,5GL9tpTGMrbIjLzpHbZV4d,778,[],51
2021,Cold Heart - PNAU Remix,Cold Heart (PNAU Remix),2021-08-13,202735,79,Elton John,3PhoLpVuITZKcymswpck5b,13950301,"['glam rock', 'mellow gold', 'piano rock', 'rock']",84
2021,Thunder,Thunder,2021-05-07,160000,76,Gabry Ponte,5ENS85nZShljwNgg4wFD7D,573527,"['eurodance', 'italo dance', 'slap house']",76
2021,Finally,Finally,2024-08-29,215583,73,Swedish House Mafia,1h6Cn3P4NGzXbaXidqURXs,3849408,"['edm', 'pop dance', 'progressive electro house']",77
2021,Boomerang,Boomerang,2023-09-15,134769,38,Diego Miranda,58La32UtamIpPg8Ajm6FE6,12341,[],42
2021,Sweet Child O' Mine,Sweet Child O' Mine,2022-04-01,163204,45,The FifthGuys,0Jk0TeNXrhhwOMmR2nNyZR,37108,[],55
2021,Dry,Dry,2022-04-15,171176,36,GISHIN,53b5NwFZLCZySuNmbRvR0l,2064,[],36
2021,Open Your Eyes,Open Your Eyes,2023-10-20,180000,35,Jay Eskar,3gfKSkWsbRm1Iux4u3KhTh,20062,['future bounce'],38
2021,Heaven,Heaven,2023-05-05,174720,37,Achilles,1BgLi10FdtjQtMigV9Ddka,7652,[],40
2021,Smells Like Teen Spirit,Smells Like Teen Spirit,2023-12-15,160758,61,Naeleck,2DYDFBqoaBP2i9XrTGpOgF,92360,"['electro', 'hypertechno']",71
2021,Living On The Road,Living On The Road,2023-08-24,137245,33,VARGENTA,4hg56haGFxxnKEt3AkW3fo,10546,['covertronica'],45
2021,SOS,SOS,2024-09-27,155624,43,AARMO,5DyZEhZu0XTYIt1FrQQjcO,709,[],34
2021,Call Me (with R3HAB & Timmy Trumpet),Call Me (with R3HAB & Timmy Trumpet),2022-01-14,178309,63,Gabry Ponte,5ENS85nZShljwNgg4wFD7D,573527,"['eurodance', 'italo dance', 'slap house']",76
2021,Paper Thin,Paper Thin,2024-08-09,154804,55,Julian Cross,1TRFjpBEneFJJloCqSC4sG,3595,[],47
2021,Escape (feat. Hayla),Escape (feat. Hayla),2022-03-11,240445,19,Kx5,2avRYQUWQpIkzJOEkf0MdY,83057,['melodic house'],57
2021,Dynamite,Dynamite,2024-06-07,172800,38,GISHIN,53b5NwFZLCZySuNmbRvR0l,2064,[],36
2021,Death Pact,Death Pact,2024-09-27,173538,50,Damn Low,5rC8rEWx5G70tXCDW8YFAT,259,[],36
2021,Do It To It,Do It To It,2021-08-20,157890,75,ACRAZE,4pnp4w9g30yLfVIAFnZMRd,136755,"['pop dance', 'tech house']",65
2021,Creep,Creep,2022-06-03,203225,54,Naeleck,2DYDFBqoaBP2i9XrTGpOgF,92360,"['electro', 'hypertechno']",71
2021,SKYSCRAPER - Coachella Mix,SKYSCRAPER (Coachella Mix),2023-12-01,171132,43,Toby Gad,2v4e16xkId2E5YbYEWgPP8,9443,[],47
2021,Drop It Like It's Hot,Drop It Like It's Hot,2022-02-04,203769,49,CryJaxx,4FidvjA9dxE6bhpHGC6ns9,33246,['traprun'],51
2021,Rising Sun,Rising Sun,2024-02-23,166488,41,MSPUIYI,1kcyeJ6CdwVqRsKEmkb9Ul,4736,[],39
2021,Smooth Criminal,Smooth Criminal,2021-09-03,184683,44,CHENDA,38HqxBtUpMunEP3kKLjEby,10914,[],45
2021,Dangerous - Radio Version,Dangerous,2024-02-23,255264,39,GISHIN,53b5NwFZLCZySuNmbRvR0l,2064,[],36
2021,Somewhere Only We Know - Sped Up Version,Somewhere Only We Know (Sped Up Version),2023-11-30,113562,44,Umur Anil Gokdag,6TE5uKxtwtgJ2kcUNRhzJP,16411,['turkish edm'],61
2021,Deep Down (feat. Never Dull),Deep Down (feat. Never Dull),2022-06-17,165752,78,Alok,0NGAZxHanS9e0iNHpR8f2W,11276328,"['electro house', 'pop nacional', 'slap house']",80
2021,Thanks a Lot,Thanks a Lot,2024-09-27,234240,43,ORLINSKI,6LpPib5Tc0lVvQVkWu1s8z,101,[],33
2021,Roses - Imanbek Remix,Roses (Imanbek Remix),2019-10-09,176840,77,SAINt JHN,0H39MdGGX6dbnnQPt6NQkZ,1086869,"['melodic rap', 'slap house']",69
2021,Somedays,Somedays,2024-07-26,207168,78,Sonny Fodera,39B7ChWwrWDs7zXlsu3MoP,222722,"['house', 'pop dance', 'uk dance']",71
2021,Moth To A Flame (with The Weeknd),Moth To A Flame,2021-10-22,234000,10,Swedish House Mafia,1h6Cn3P4NGzXbaXidqURXs,3849408,"['edm', 'pop dance', 'progressive electro house']",77
2021,Your Love (9PM),Your Love (9PM),2021-01-15,150052,57,ATB,7jZM5w05mGhw6wTB1okhD9,407731,"['german dance', 'german techno', 'german trance', 'trance']",66
2021,Heartbeat,Heartbeat,2024-04-19,193684,38,Kozah,0g6PJw04eyN85JxQAGGdF4,9203,['melodic dubstep'],36
2021,Bucky Done Gun,Bucky Done Gun,2024-10-11,136240,31,Brett Allen,7p4Qsh7osD5lvfk8X3LRex,9430,['speed house'],42
2021,Playlist,Playlist,2024-09-13,151845,44,Remady,3JxNeLgMuJI0DEmDt9dLzc,50334,['slap house'],51
2021,"Disease - KATFYR ""Tokyo Bound"" Remix",Disease,2013-09-16,288867,45,Naeleck,2DYDFBqoaBP2i9XrTGpOgF,92360,"['electro', 'hypertechno']",71
2021,All Around The World (La La La),All Around The World (La La La),2019-04-05,147840,71,R3HAB,6cEuCEZu7PAE9ZSzLLc2oQ,2556016,"['dutch house', 'edm', 'electro house', 'pop dance', 'progressive electro house', 'slap house']",75
2021,Believe,Believe,2022-07-01,211500,34,The Late Night Project,7vmMpy0sV8E6kyruaJrgF9,15570,[],50
2021,Rattle Shake,Rattle Shake,2023-03-03,151933,37,MahyaaR,7gm7vtdfHnBTRxpzwMecbG,612,[],34
2021,One Final Dance,One Final Dance,2024-10-11,151000,52,Drenchill,3nmaO18tcMzfrrR7sdJHnH,30455,['pop edm'],56
2021,In My Mind,In My Mind,2018-06-08,184560,79,Dynoro,3v6Ji4uoWtKRkhuDUaxi9n,290370,['edm'],68
2021,Kids (feat. MKLA),Kids (feat. MKLA),2020-08-14,184687,58,KSHMR,2wX6xSig4Rig5kZU6ePlWe,1771016,"['big room', 'dutch house', 'edm', 'electro house', 'indian edm', 'pop dance', 'progressive electro house', 'slap house']",65
2021,Paradise (feat. Dermot Kennedy),Paradise,2020-10-30,167903,66,MEDUZA,0xRXCcSX89eobfrshSVdyu,828983,"['edm', 'pop dance', 'pop house', 'uk dance']",76
2021,Rasputin,Rasputin,2021-02-26,186209,78,Majestic,6QMABvTzixnxzsLYyhqRxI,83409,['uk dance'],66
2022,"I Love You, I'm Sorry",The Secret of Us,2024-06-21,157146,90,Gracie Abrams,4tuJ0bMpJh08umKkEXKUI5,2864071,['alt z'],88
2022,Love Somebody,Love Somebody,2024-10-18,204828,84,Morgan Wallen,4oUHIQIBe0LHzYfvXNW4QM,10987568,['contemporary country'],91
2022,APT.,APT.,2024-10-18,169917,95,ROSÉ,3eVa5w3URK5duf6eyVDbu9,7632823,['k-pop'],82
2022,Disease,Disease,2024-10-25,229997,81,Lady Gaga,1HY2Jd0NmPuamShAr6KMms,32416547,"['art pop', 'dance pop', 'pop']",92
2022,Taste,Short n' Sweet,2024-08-23,157279,82,Sabrina Carpenter,74KM79TiuVKeVCqs8QtB0B,14260468,['pop'],95
2022,Timeless (with Playboi Carti),Timeless,2024-09-27,256000,92,The Weeknd,1Xyo4u8uXC1ZmMpatF05PJ,93543802,"['canadian contemporary r&b', 'canadian pop', 'pop']",96
2022,"Good Luck, Babe!","Good Luck, Babe!",2024-04-05,218423,94,Chappell Roan,7GlBOeep6PqTfFi59PTUUN,3686982,['indie pop'],89
2022,BIRDS OF A FEATHER,HIT ME HARD AND SOFT,2024-05-17,210373,97,Billie Eilish,6qqNVTkY8uBg9cP3Jd7DAH,101433183,"['art pop', 'pop']",96
2022,A Bar Song (Tipsy),A Bar Song (Tipsy),2024-04-12,171291,87,Shaboozey,3y2cIKLjiOlp1Np37WiUdH,744170,"['modern country pop', 'pop rap']",80
2022,I Had Some Help (Feat. Morgan Wallen),F-1 Trillion,2024-08-15,178205,85,Post Malone,246dkjvS1zLTtiykXe5h60,45667234,"['dfw rap', 'melodic rap', 'pop', 'rap']",91
2022,That’s So True,The Secret of Us (Deluxe),2024-10-18,166300,85,Gracie Abrams,4tuJ0bMpJh08umKkEXKUI5,2864071,['alt z'],88
2022,Die With A Smile,Die With A Smile,2024-08-16,251667,100,Lady Gaga,1HY2Jd0NmPuamShAr6KMms,32416547,"['art pop', 'dance pop', 'pop']",92
2022,Please Please Please,Please Please Please,2024-06-06,186365,90,Sabrina Carpenter,74KM79TiuVKeVCqs8QtB0B,14260468,['pop'],95
2022,No One Noticed,Submarine,2024-05-31,236906,82,The Marías,2sSGPbdZJkaSE2AbcGOACx,1596553,"['bedroom pop', 'la indie']",78
2022,Sailor Song,Sailor Song,2024-07-26,211978,91,Gigi Perez,1iCnM8foFssWlPRLfAbIwo,424458,['bedroom pop'],80
2022,NEW DROP,HARDSTONE PSYCHO,2024-06-14,217333,85,Don Toliver,4Gso3d4CscCijv0lmajZWs,5191833,['rap'],88
2022,MILLION DOLLAR BABY,MILLION DOLLAR BABY,2024-04-26,155151,89,Tommy Richman,1WaFQSHVGZQJTbf0BdxdNo,744123,['chill abstract hip hop'],79
2022,Pink Pony Club,The Rise and Fall of a Midwest Princess,2023-09-22,258034,87,Chappell Roan,7GlBOeep6PqTfFi59PTUUN,3686982,['indie pop'],89
2022,Lose Control,Lose Control,2023-06-23,210688,82,Teddy Swims,33qOK5uJ8AR2xuQQAhHump,3267350,[],86
2022,Beautiful Things,Fireworks & Rollerblades,2024-04-05,180304,89,Benson Boone,22wbnEMDvgVIAGdFeek6ET,3815769,['singer-songwriter pop'],86
2022,Guess featuring billie eilish,Guess featuring Billie Eilish,2024-08-01,143330,87,Charli xcx,25uiPmTg16RbhZWAqwLBy5,4348820,"['art pop', 'candy pop', 'metropopolis', 'pop', 'uk pop']",89
2022,Not Like Us,Not Like Us,2024-05-04,274192,89,Kendrick Lamar,2YZyLoL8N0Wb9xBt1NhZWg,33798087,"['conscious hip hop', 'hip hop', 'rap', 'west coast rap']",92
2022,Thick Of It (feat. Trippie Redd),Thick Of It (feat. Trippie Redd) / Low,2024-10-03,160842,80,KSI,1nzgtKYFckznkcVMR3Gg4z,2541236,"['social media pop', 'uk hip hop']",71
2022,Noid,Noid,2024-10-21,284363,82,"Tyler, The Creator",4V8LLVI7PbaPR0K2TGSxFF,17261006,"['hip hop', 'rap']",92
2022,Burning Down,Burning Down,2024-09-20,179437,75,Alex Warren,0fTSzq9jAh4c36UVb4V7CB,597934,"['gen z singer-songwriter', 'singer-songwriter pop']",77
2022,NIGHTS LIKE THIS,THE FIRST TIME,2023-11-10,86983,88,The Kid LAROI,2tIP7SsRs7vjIcLrU85W8J,5786707,['australian hip hop'],85
2022,Tu Boda,Tu Boda,2024-09-26,225880,91,Oscar Maydon,3l9G1G9MxH6DaRhwLklaf5,2956128,['corrido'],87
2022,Austin (Boots Stop Workin'),What Happens Now?,2024-02-16,171782,88,Dasha,7Ez6lTtSMjMf2YSYpukP1I,244156,[],75
2022,Pink Skies,Pink Skies,2024-05-24,194920,86,Zach Bryan,40ZNYROS4zLfyyBSs2PGe2,5397269,['classic oklahoma country'],91
2022,Diet Pepsi,Diet Pepsi,2024-08-09,169697,88,Addison Rae,4gvjmrtzydbMpyJaXUtwvP,446556,['social media pop'],76
2022,Ain't No Love In Oklahoma (From Twisters: The Album),Ain't No Love In Oklahoma (From Twisters: The Album),2024-05-16,210950,83,Luke Combs,718COspgdWOnwOFpJHRZHS,11616325,"['contemporary country', 'country']",87
2022,we can't be friends (wait for your love),eternal sunshine,2024-03-08,228639,81,Ariana Grande,66CXWjxzNUsdJxJ2JdwvnR,100713239,['pop'],92
2022,Wind Up Missin’ You,Waves On A Sunset,2024-10-04,166666,77,Tucker Wetmore,4sCKpwwEsgReZxjtKFm2A0,238287,['modern country pop'],72
2022,Bed Chem,Short n' Sweet,2024-08-23,171869,91,Sabrina Carpenter,74KM79TiuVKeVCqs8QtB0B,14260468,['pop'],95
2022,Too Sweet,Unreal Unearth: Unaired,2024-08-19,251424,84,Hozier,2FXC3k01G6Gw61bmprjgqS,7987986,"['irish singer-songwriter', 'modern rock', 'pop', 'pov: indie']",86
2022,Or What,Or What,2024-09-06,199165,78,NLE Choppa,0ErzCpIMyLcjPiwT4elrtZ,8756229,"['memphis hip hop', 'rap']",80
2022,HOT TO GO!,The Rise and Fall of a Midwest Princess,2023-09-22,184841,89,Chappell Roan,7GlBOeep6PqTfFi59PTUUN,3686982,['indie pop'],89
2022,WHATCHU KNO ABOUT ME (with Sexyy Red),WHATCHU KNO ABOUT ME (with Sexyy Red),2024-10-10,149461,62,GloRilla,2qoQgPAilErOKCwE2Y8wOG,1235143,['southern hip hop'],80
2022,It's ok I'm ok,It's ok I'm ok,2024-09-12,156521,86,Tate McRae,45dkTj5sMRSjrmBSBeiHym,6107011,['pop'],85
2022,Belong Together,Belong Together,2024-02-16,148317,83,Mark Ambor,11p2E654TTU8e0nZWBR4AL,519501,['singer-songwriter pop'],75
2022,WILDFLOWER,HIT ME HARD AND SOFT,2024-05-17,261466,92,Billie Eilish,6qqNVTkY8uBg9cP3Jd7DAH,101433183,"['art pop', 'pop']",96
2022,Saturn,Saturn,2024-02-22,186191,85,SZA,7tYKF4w9nC0nq9CsPZTHyP,23962144,"['pop', 'r&b', 'rap']",90
2022,Stargazing,Stargazing,2024-05-10,172533,89,Myles Smith,3bO19AOone0ubCsfDXDtYt,770748,['singer-songwriter pop'],79
2022,25,Last Lap,2024-10-11,180000,75,Rod Wave,45TgXXqMDdF8BkjA83OM7z,7961360,['florida rap'],82
2022,Si Antes Te Hubiera Conocido,Si Antes Te Hubiera Conocido,2024-06-21,195824,94,KAROL G,790FomKkXshlbRYZFtlgla,51524480,"['reggaeton', 'reggaeton colombiano', 'urbano latino']",91
2022,Sympathy is a knife featuring ariana grande,Brat and it’s completely different but also still brat,2024-10-11,154126,80,Charli xcx,25uiPmTg16RbhZWAqwLBy5,4348820,"['art pop', 'candy pop', 'metropopolis', 'pop', 'uk pop']",89
2022,I Can Do It With a Broken Heart,THE TORTURED POETS DEPARTMENT: THE ANTHOLOGY,2024-04-19,218004,75,Taylor Swift,06HL4z0CvFAxyc27GXpf02,124809129,['pop'],100
2022,Juna,Charm,2024-07-12,195109,81,Clairo,3l0CmX0FuQjFxr8SK7Vqag,5407383,"['bedroom pop', 'indie pop', 'pov: indie']",82
2022,Scared To Start,Scared To Start,2024-01-12,159636,85,Michael Marcagi,4j96cMcT8GRi11qbvo1cLQ,197058,[],73
2022,Who,MUSE,2024-07-19,170887,92,Jimin,1oSPZhvZMIrWW5I41kPkkY,9717033,['k-pop'],88
2023,BIRDS OF A FEATHER,HIT ME HARD AND SOFT,2024-05-17,210373,97,Billie Eilish,6qqNVTkY8uBg9cP3Jd7DAH,101433183,"['art pop', 'pop']",96
2023,Espresso,Espresso,2024-04-12,175459,92,Sabrina Carpenter,74KM79TiuVKeVCqs8QtB0B,14260468,['pop'],95
2023,Beautiful Things,Beautiful Things,2024-01-18,180304,86,Benson Boone,22wbnEMDvgVIAGdFeek6ET,3815769,['singer-songwriter pop'],86
2023,As It Was,As It Was,2022-03-31,167303,26,Harry Styles,6KImCVD70vtIoJWnq6nGn3,33041999,['pop'],85
2023,Life,Life,2024-04-08,130000,67,ConKi,2oBcbbUQy8Md3FYXifyPTF,20135,[],65
2023,Cruel Summer,Lover,2019-08-23,178426,89,Taylor Swift,06HL4z0CvFAxyc27GXpf02,124809129,['pop'],100
2023,"Good Luck, Babe!","Good Luck, Babe!",2024-04-05,218423,94,Chappell Roan,7GlBOeep6PqTfFi59PTUUN,3686982,['indie pop'],89
2023,Too Sweet,Unreal Unearth: Unheard,2024-03-22,251424,73,Hozier,2FXC3k01G6Gw61bmprjgqS,7987986,"['irish singer-songwriter', 'modern rock', 'pop', 'pov: indie']",86
2023,Flowers,Flowers,2023-01-13,200454,23,Miley Cyrus,5YGY8feqx7naU7z4HrwZM6,24952223,['pop'],84
2023,Oh My Love,Oh My Love,2024-09-12,164516,63,ConKi,2oBcbbUQy8Md3FYXifyPTF,20135,[],65
2023,A Bar Song (Tipsy),A Bar Song (Tipsy),2024-04-12,171291,87,Shaboozey,3y2cIKLjiOlp1Np37WiUdH,744170,"['modern country pop', 'pop rap']",80
2023,STAY (with Justin Bieber),STAY (with Justin Bieber),2021-07-09,141805,78,The Kid LAROI,2tIP7SsRs7vjIcLrU85W8J,5786707,['australian hip hop'],85
2023,Die With A Smile,Die With A Smile,2024-08-16,251667,100,Lady Gaga,1HY2Jd0NmPuamShAr6KMms,32416547,"['art pop', 'dance pop', 'pop']",92
2023,Ocean,Ocean,2022-02-10,155072,56,ConKi,2oBcbbUQy8Md3FYXifyPTF,20135,[],65
2023,i like the way you kiss me,i like the way you kiss me,2024-03-19,142514,85,Artemas,0PCCGZ0wGLizHt2KZ7hhA2,973349,[],80
2023,Please Please Please,Please Please Please,2024-06-06,186365,90,Sabrina Carpenter,74KM79TiuVKeVCqs8QtB0B,14260468,['pop'],95
2023,I Ain't Worried,"I Ain’t Worried (Music From The Motion Picture ""Top Gun: Maverick"")",2022-05-13,148485,80,OneRepublic,5Pwc4xIPtQLFEnJriah9YJ,17568265,"['piano rock', 'pop']",85
2023,Unholy (feat. Kim Petras),Unholy (feat. Kim Petras),2022-09-22,156943,77,Sam Smith,2wY79sveU1sp5g7SokKOiI,24540545,"['pop', 'uk pop']",84
2023,Sleep,Sleep,2023-06-01,178235,61,ConKi,2oBcbbUQy8Md3FYXifyPTF,20135,[],65
2023,vampire,vampire,2023-06-30,219724,14,Olivia Rodrigo,1McMsnEElThX1knmY4oliG,40848348,['pop'],89
2023,Cold Heart - PNAU Remix,Cold Heart (PNAU Remix),2021-08-13,202735,79,Elton John,3PhoLpVuITZKcymswpck5b,13950301,"['glam rock', 'mellow gold', 'piano rock', 'rock']",84
2023,greedy,greedy,2023-09-15,131872,86,Tate McRae,45dkTj5sMRSjrmBSBeiHym,6107011,['pop'],85
2023,I'll Be There,I'll Be There,2022-08-11,148315,56,ConKi,2oBcbbUQy8Md3FYXifyPTF,20135,[],65
2023,Paint The Town Red,Paint The Town Red,2023-08-04,231750,79,Doja Cat,5cj0lLjcoR7YOSnhnX0Po5,31696805,"['dance pop', 'pop']",87
2023,Ghost,Justice,2021-03-19,153190,68,Justin Bieber,1uNFoZAHBGtllmzznpCI3s,78347662,"['canadian pop', 'pop']",91
2023,Lose Control,I've Tried Everything But Therapy (Part 1),2023-09-15,210688,89,Teddy Swims,33qOK5uJ8AR2xuQQAhHump,3267350,[],86
2023,Let It Go,Let It Go,2023-02-16,168000,54,ConKi,2oBcbbUQy8Md3FYXifyPTF,20135,[],65
2023,"One Of The Girls (with JENNIE, Lily Rose Depp)",The Highlights (Deluxe),2024-02-09,244684,64,The Weeknd,1Xyo4u8uXC1ZmMpatF05PJ,93543802,"['canadian contemporary r&b', 'canadian pop', 'pop']",96
2023,I Had Some Help (Feat. Morgan Wallen),I Had Some Help,2024-05-10,178205,85,Post Malone,246dkjvS1zLTtiykXe5h60,45667234,"['dfw rap', 'melodic rap', 'pop', 'rap']",91
2023,Daylight,Daylight,2023-04-14,212953,82,David Kushner,33NVpKoXjItPwUJTMZIOiY,2421575,"['gen z singer-songwriter', 'singer-songwriter pop']",77
2023,Bubbly,Bubbly,2023-05-11,123000,53,ConKi,2oBcbbUQy8Md3FYXifyPTF,20135,[],65
2023,I'm Good (Blue),I'm Good (Blue),2022-08-26,175238,85,David Guetta,1Cs0zKBU1kc0i8ypK3B9ai,26345783,"['big room', 'dance pop', 'edm', 'pop', 'pop dance']",90
2023,Calm Down (with Selena Gomez),Calm Down (with Selena Gomez),2022-08-25,239317,79,Rema,46pWGuE3dSwY3bMMXGBvVS,5590386,"['afrobeats', 'nigerian pop']",79
2023,Chemicals,Chemicals,2024-08-23,186589,59,Madism,5UUdxfBMwm0hLlLgnZtBFv,28052,"['covertronica', 'tropical house']",63
2023,Water,Water,2023-07-28,200255,84,Tyla,3SozjO3Lat463tQICI9LcE,2045865,[],78
2023,Glimpse of Us,Glimpse of Us,2022-06-10,233456,77,Joji,3MZsBdqDrRTJihTHQrO6Dq,9863970,['viral pop'],80
2023,Stargazing,Stargazing,2024-05-10,172533,89,Myles Smith,3bO19AOone0ubCsfDXDtYt,770748,['singer-songwriter pop'],79
2023,Kill Bill,SOS,2022-12-08,153946,86,SZA,7tYKF4w9nC0nq9CsPZTHyP,23962144,"['pop', 'r&b', 'rap']",90
2023,Roaring 20s,Roaring 20s,2024-09-26,181975,54,DVNY,6bZPyY7fpgegmdBHwbbu77,577,[],43
2023,Under The Influence,Indigo (Extended),2019-10-04,184613,84,Chris Brown,7bXgB6jMjp9ATFy66eO08Z,23845138,"['r&b', 'rap']",88
2023,Where Are You Now,Where Are You Now,2021-07-30,148197,76,Lost Frequencies,7f5Zgnp2spUuuzKplmRkt7,2921789,"['belgian edm', 'edm', 'pop dance', 'tropical house']",81
2023,Belong Together,Belong Together,2024-02-16,148317,83,Mark Ambor,11p2E654TTU8e0nZWBR4AL,519501,['singer-songwriter pop'],75
2023,Sun Comes Down,Sun Comes Down,2024-09-01,153750,40,Iaco,3D3ELPXX1yx64WfmZLB8Bg,1529,"['chill house', 'tropical house']",52
2023,Stick Season,Stick Season,2022-10-14,182346,87,Noah Kahan,2RQXRUsr4IW1f3mKyKsy4B,3504393,"['pov: indie', 'singer-songwriter pop']",87
2023,Fortnight (feat. Post Malone),THE TORTURED POETS DEPARTMENT,2024-04-18,228965,85,Taylor Swift,06HL4z0CvFAxyc27GXpf02,124809129,['pop'],100
2023,Training Season,Radical Optimism,2024-05-03,209487,80,Dua Lipa,6M2wZ9GZgrQXHCFfjv46we,44915227,"['dance pop', 'pop', 'uk pop']",88
2023,Rip,Rip,2024-08-08,125538,53,Zummer,5GL9tpTGMrbIjLzpHbZV4d,778,[],51
2023,Taste,Short n' Sweet,2024-08-23,157279,94,Sabrina Carpenter,74KM79TiuVKeVCqs8QtB0B,14260468,['pop'],95
2023,INDUSTRY BABY (feat. Jack Harlow),MONTERO,2021-09-17,212352,72,Lil Nas X,7jVv8c5Fj3E9VhNjxT4snq,12411722,['lgbtq+ hip hop'],76
2023,Ghost,Ghost,2023-01-12,184250,55,ConKi,2oBcbbUQy8Md3FYXifyPTF,20135,[],65
2023,Bones,Bones,2022-03-11,165264,74,Imagine Dragons,53XhwfbYqKCa1cC15pYq2q,55035404,"['modern rock', 'pop', 'rock']",89
2023,In The Stars,In The Stars,2022-04-29,216410,75,Benson Boone,22wbnEMDvgVIAGdFeek6ET,3815769,['singer-songwriter pop'],86
2023,Wherever You Are,Wherever You Are,2024-06-06,160645,53,Sugar Jesus,1cdXZUfRhXZ8DnwMV4CcS5,3745,['canadian electronic'],48
2023,Lovin On Me,Lovin On Me,2023-11-10,138411,80,Jack Harlow,2LIk90788K0zvyj2JJVwkJ,3950128,"['deep underground hip hop', 'hip hop', 'kentucky hip hop', 'pop rap', 'rap']",80
2023,Houdini,The Death of Slim Shady (Coup De Grâce),2024-07-12,227032,79,Eminem,7dGJo4pcD2V6oG8kP0tJRR,92246851,"['detroit hip hop', 'hip hop', 'rap']",93
2023,Take You There,Take You There,2022-05-13,148302,0,ConKi,2oBcbbUQy8Md3FYXifyPTF,20135,[],65
2023,Made You Look,Takin' It Back,2022-10-21,134256,80,Meghan Trainor,6JL8zeS1NmiOftqZTRgdTz,15426985,"['hip pop', 'pop']",80
2023,we can't be friends (wait for your love),eternal sunshine,2024-03-08,228639,87,Ariana Grande,66CXWjxzNUsdJxJ2JdwvnR,100713239,['pop'],92
2023,Same Heart,Same Heart,2024-10-03,152812,53,Zummer,5GL9tpTGMrbIjLzpHbZV4d,778,[],51
2023,Watermelon Sugar,Fine Line,2019-12-13,174000,82,Harry Styles,6KImCVD70vtIoJWnq6nGn3,33041999,['pop'],85
2023,Heat Waves,Dreamland,2020-08-07,238805,84,Glass Animals,4yvcSjfu4PC0CYQyLy4wSq,4316985,"['gauze pop', 'indietronica', 'modern rock', 'pov: indie', 'shiver pop']",78
2023,We Can Talk Baby,We Can Talk Baby,2022-05-06,184188,48,ConKi,2oBcbbUQy8Md3FYXifyPTF,20135,[],65
2023,Strangers,Strangers,2023-09-01,172964,78,Kenya Grace,7uMDnSZyUYNBPLhPMNuaM2,537897,['singer-songwriter pop'],69
2023,MIDDLE OF THE NIGHT,MIDDLE OF THE NIGHT,2020-01-10,184447,75,Elley Duhé,67MNhiAICFY6Pwc2YxCO0K,593195,['alt z'],76
2023,Ain’t the One,Ain’t the One,2021-08-19,137391,49,ConKi,2oBcbbUQy8Md3FYXifyPTF,20135,[],65
2023,Perfect,÷ (Deluxe),2017-03-03,263400,85,Ed Sheeran,6eUKZXaKkcviH0Ku9w2n3V,116851003,"['pop', 'singer-songwriter pop', 'uk pop']",89
2023,Starboy,Starboy,2016-11-25,230453,87,The Weeknd,1Xyo4u8uXC1ZmMpatF05PJ,93543802,"['canadian contemporary r&b', 'canadian pop', 'pop']",96
2023,A Better Day,A Better Day,2024-03-14,157881,50,DENNICK,4I2KPG6TtOKDyOfo5OwQ9m,1581,['covertronica'],38
2023,abcdefu,abcdefu,2021-08-13,168601,72,GAYLE,2VSHKHBTiXWplO8lxcnUC9,638825,"['alt z', 'modern alternative pop']",63
2023,Easy On Me,Easy On Me,2021-10-14,224694,77,Adele,4dpARuHxo51G3z768sgnrY,59755460,"['british soul', 'pop', 'pop soul', 'uk pop']",87
2023,True Love,True Love,2022-01-13,165634,51,ConKi,2oBcbbUQy8Md3FYXifyPTF,20135,[],65
2023,SNAP,SNAP,2022-03-19,179551,60,Rosa Linn,46xBNx0j6cwY6sD9LgMTm1,404491,['alt z'],68
2023,About Damn Time,About Damn Time,2022-04-14,191822,61,Lizzo,56oDRnqbIiwx4mymNEv7dS,5716198,"['escape room', 'minnesota hip hop', 'pop', 'trap queen']",70
2023,Down by the River,Down by the River,2024-07-11,134086,50,Loran,3lYJhHEuDIKj2rqXeNFHxD,339,['saxophone house'],39
2023,love nwantiti (ah ah ah),CKay The First,2019-08-30,145800,74,CKay,048LktY5zMnakWq7PTtFrz,1545517,"['afro r&b', 'afrobeats']",69
2023,Shape of You,÷ (Deluxe),2017-03-03,233712,85,Ed Sheeran,6eUKZXaKkcviH0Ku9w2n3V,116851003,"['pop', 'singer-songwriter pop', 'uk pop']",89
2023,90s Better,90s Better,2023-04-13,139970,56,ConKi,2oBcbbUQy8Md3FYXifyPTF,20135,[],65
2023,Enemy (with JID) - from the series Arcane League of Legends,Enemy (with JID) [from the series Arcane League of Legends],2021-10-28,173381,73,Imagine Dragons,53XhwfbYqKCa1cC15pYq2q,55035404,"['modern rock', 'pop', 'rock']",89
2023,Peaches (feat. Daniel Caesar & Giveon),Justice,2021-03-19,198081,78,Justin Bieber,1uNFoZAHBGtllmzznpCI3s,78347662,"['canadian pop', 'pop']",91
2023,No Caller Id,No Caller Id,2024-06-27,164000,50,Corena,70DfAq7DP4W2Igd5JLNkh4,670,[],41
2023,Sunroof,Sunroof,2021-12-03,163025,10,Nicky Youre,7qmpXeNz2ojlMl2EEfkeLs,274562,['singer-songwriter pop'],70
2023,Beggin',Chosen,2017-12-08,211560,82,Måneskin,0lAWpj5szCSwM4rUMHYmrr,9804923,"['indie rock italiano', 'italian pop']",81
2023,Above the Clouds,Above the Clouds,2023-03-16,157302,56,ConKi,2oBcbbUQy8Md3FYXifyPTF,20135,[],65
2023,Cupid - Twin Ver.,The Beginning: Cupid,2023-02-24,174253,22,FIFTY FIFTY,4GJ6xDCF5jaUqD6avOuQT6,1723823,['k-pop girl group'],69
2023,Lover,Lover,2019-08-23,221306,84,Taylor Swift,06HL4z0CvFAxyc27GXpf02,124809129,['pop'],100
2023,Love Is All Around,Love Is All Around,2022-07-21,171545,47,MarchY,1po8uWcMPIG9NSW2x0cxsb,601,[],38
2023,Pepas,Pepas,2021-06-24,287120,76,Farruko,329e4yvIujISKGKz1BZZbO,16076012,"['reggaeton', 'trap latino', 'urbano latino']",84
2023,Levitating (feat. DaBaby),Levitating (feat. DaBaby),2020-10-01,203064,66,Dua Lipa,6M2wZ9GZgrQXHCFfjv46we,44915227,"['dance pop', 'pop', 'uk pop']",88
2023,Dangerous,Dangerous,2024-10-11,169655,47,Senhit,0kgOnYSaZeTf3ZnErgwkGT,54522,[],37
2023,All or Nothing,All or Nothing,2023-10-05,174915,50,Sugar Jesus,1cdXZUfRhXZ8DnwMV4CcS5,3745,['canadian electronic'],48
2023,Whatever,Whatever,2024-01-19,178273,77,Kygo,23fqKkggKUBHNkbKtXEls4,8476016,"['edm', 'pop', 'pop dance', 'tropical house']",82
2023,Bad Habits,Bad Habits,2021-06-25,231041,6,Ed Sheeran,6eUKZXaKkcviH0Ku9w2n3V,116851003,"['pop', 'singer-songwriter pop', 'uk pop']",89
2023,Behind the Moon,Behind the Moon,2022-07-14,164919,48,K!llx,1gGoEoMd01jlEPtxTJo3jQ,1539,[],51
2023,MONTERO (Call Me By Your Name),MONTERO (Call Me By Your Name),2021-03-31,137875,68,Lil Nas X,7jVv8c5Fj3E9VhNjxT4snq,12411722,['lgbtq+ hip hop'],76
2023,TEXAS HOLD 'EM,COWBOY CARTER,2024-03-29,233456,73,Beyoncé,6vWDO969PvNqNYHIOW5v0m,38845418,"['pop', 'r&b']",87
2023,Hello Shadow,Hello Shadow,2024-03-28,180952,50,Sugar Jesus,1cdXZUfRhXZ8DnwMV4CcS5,3745,['canadian electronic'],48
2023,Leave Before You Love Me (with Jonas Brothers),Leave Before You Love Me,2021-05-21,154983,77,Marshmello,64KEffDW9EtZ1y2vBYgq8T,33856376,"['brostep', 'edm', 'pop', 'progressive electro house']",84
2023,Infinity,Infinity (PRETTY YOUNG Remix),2021-12-10,237720,46,Jaymes Young,6QrQ7OrISRYIfS5mtacaw2,963647,['indie poptimism'],68
2023,Hunger,Hunger,2021-11-25,172517,0,ConKi,2oBcbbUQy8Md3FYXifyPTF,20135,[],65
2023,INDUSTRY BABY (feat. Jack Harlow),INDUSTRY BABY (feat. Jack Harlow),2021-07-23,212000,73,Lil Nas X,7jVv8c5Fj3E9VhNjxT4snq,12411722,['lgbtq+ hip hop'],76
